{
  "metrics": {
    "mse_treino": 0.0009061699383892119,
    "mae_treino": 0.019790900871157646,
    "r2_treino": 0.9846838712692261,
    "mse_futuro": 0.0012897662514338467,
    "mae_futuro": 0.03589746596846788,
    "r2_futuro": -21.35596199213444,
    "auc_treino": 1.0,
    "accuracy_treino": 0.9464285714285714,
    "logloss_treino": 0.09831597303814577,
    "auc_futuro": NaN,
    "accuracy_futuro": 1.0,
    "logloss_futuro": 0.0
  },
  "final_loss": 0.012109415295223394,
  "training_losses": [
    0.2978946566581726,
    0.14033745601773262,
    0.12543220072984695,
    0.09177418425679207,
    0.08539699514706929,
    0.0730623019238313,
    0.07170573621988297,
    0.07083828623096149,
    0.06830674161513646,
    0.06804943705598514,
    0.06687168528636296,
    0.06500149269898732,
    0.06274229412277539,
    0.060631717244784035,
    0.058593944335977234,
    0.05388846186300119,
    0.05076057401796182,
    0.04223446858425935,
    0.035254476591944695,
    0.025516250170767307,
    0.02036760173117121,
    0.02258290971318881,
    0.019957827714582283,
    0.01747143842900793,
    0.0178595509690543,
    0.013039751055960854,
    0.014145232116182646,
    0.014440349768847227,
    0.01271687401458621,
    0.01326618886863192,
    0.012109415295223394
  ],
  "model_config": {
    "input_size": 4,
    "hidden_size": 64,
    "num_layers": 2,
    "learning_rate": 0.001,
    "epochs": 100
  }
}