{
  "dkt_resultados": [
    {
      "student_id": 1000,
      "r2": 0.9831143021583557,
      "mse": 0.0007453943253494799,
      "mae": 0.025152046233415604,
      "final_loss": 0.009499213949311525
    },
    {
      "student_id": 1001,
      "r2": 0.9797918796539307,
      "mse": 0.000860432512126863,
      "mae": 0.025581710040569305,
      "final_loss": 0.011226769303902984
    }
  ],
  "comparacao_outros": {},
  "resumo": {
    "total_alunos_dkt": 2,
    "r2_medio_dkt": 0.9814530909061432,
    "mse_medio_dkt": 0.0008029134187381715,
    "mae_medio_dkt": 0.025366878136992455
  }
}